001 ,  NA
002 ,  Add Two Numbers.md
004 ,  Median of Two Sorted Arrays.md
006 ,  ZigZag Conversion.md
007 ,  Reverse Integer.md
008 ,  String to Integer (atoi).md
009 ,  Palindrome Number.md
010 ,  Regular Expression Matching.md
011 ,  Container With Most Water.md
012 ,  Integer to Roman.md
013 ,  Roman to Integer.md
014 ,  Longest Common Prefix.md
015 ,  3Sum.md
016 ,  3Sum Closest.md
017 ,  Letter Combinations of a Phone Number.md
018 ,  4Sum.md
019 ,  Remove Nth Node From End of List.md
020 ,  Valid Parentheses.md
021 ,  Merge Two Sorted Lists.md
022 ,  Generate Parentheses.md
023 ,  Merge k Sorted Lists.md
024 ,  Swap Nodes in Pairs.md
025 ,  Reverse Nodes in k-Group.md
026 ,  Remove Duplicates from Sorted Array.md
027 ,  Remove Element.md
029 ,  Divide Two Integers.md
031 ,  Next Permutation.md
033 ,  Search in Rotated Sorted Array.md
034 ,  Find First and Last Position of Element in Sorted Array.md
035 ,  Search Insert Position.md
036 ,  Valid Sudoku.md
037 ,  Sudoku Solver.md
038 ,  Count and Say.md
039 ,  Combination Sum.md
040 ,  Combination Sum II.md
041 ,  First Missing Positive.md
042 ,  Trapping Rain Water.md
043 ,  Multiply Strings.md
045 ,  Jump Game II.md
046 ,  Permutations.md
047 ,  Permutations II.md
048 ,  Rotate Image.md
049 ,  Group Anagrams.md
050 ,  Pow(x, n).md
051 ,  N-Queens.md
052 ,  N-Queens II.md
053 ,  Maximum Subarray.md
054 ,  Spiral Matrix.md
055 ,  Jump Game.md
056 ,  Merge Intervals.md
057 ,  Insert Interval.md
058 ,  Length of Last Word.md
059 ,  Spiral Matrix II.md
060 ,  Permutation Sequence.md
061 ,  Rotate List.md
062 ,  Unique Paths.md
064 ,  Minimum Path Sum.md
065 ,  Valid Number.md
066 ,  Plus One.md
068 ,  Text Justification.md
069 ,  Sqrt(x).md
071 ,  Simplify Path.md
072 ,  Edit Distance.md
073 ,  Set Matrix Zeroes.md
074 ,  Search a 2D Matrix.md
075 ,  Sort Colors.md
077 ,  Combinations.md
078 ,  Subsets.md
079 ,  Word Search.md
080 ,  Remove Duplicates from Sorted Array II.md
081 ,  Search in Rotated Sorted Array II.md
082 ,  Remove Duplicates from Sorted List II.md
083 ,  Remove Duplicates from Sorted List.md
084 ,  Largest Rectangle in Histogram.md
085 ,  Maximal Rectangle.md
086 ,  Partition List.md
088 ,  Merge Sorted Array.md
089 ,  Gray Code.md
090 ,  Subsets II.md
091 ,  Decode Ways.md
092 ,  Reverse Linked List II.md
093 ,  Restore IP Addresses.md
097 ,  Interleaving String.md
100 ,  Same Tree.md
101 ,  Symmetric Tree.md
102 ,  Binary Tree Level Order Traversal.md
103 ,  Binary Tree Zigzag Level Order Traversal.md
104 ,  Maximum Depth of Binary Tree.md
105 ,  Construct Binary Tree from Preorder and Inorder Traversal.md
106 ,  Construct Binary Tree from Inorder and Postorder Traversal.md
107 ,  Binary Tree Level Order Traversal II.md
110 ,  Balanced Binary Tree.md
111 ,  Minimum Depth of Binary Tree.md
112 ,  Path Sum.md
113 ,  Path Sum II.md
114 ,  Flatten Binary Tree to Linked List.md
115 ,  Distinct Subsequences.md
116 ,  Populating Next Right Pointers in Each Node.md
117 ,  Populating Next Right Pointers in Each Node II.md
118 ,  Pascal_s Triangle.md
119 ,  Pascal_s Triangle II.md
120 ,  Triangle.md
121 ,  Best Time to Buy and Sell Stock.md
122 ,  Best Time to Buy and Sell Stock II.md
123 ,  Best Time to Buy and Sell Stock III.md
124 ,  Binary Tree Maximum Path Sum.md
125 ,  Valid Palindrome.md
126 ,  Word Ladder II.md
127 ,  Word Ladder.md
128 ,  Longest Consecutive Sequence.md
129 ,  Sum Root to Leaf Numbers.md
130 ,  Surrounded Regions.md
133 ,  Clone Graph.md